,feature,importance
0,area,0.368977984650373
532,loc_praha,0.14854072074347205
17,metro,0.06631376811723623
109,loc_brno,0.047500940578018964
20,new_building,0.030984187612381767
11,furnished,0.020298397362034128
31,sightseeing,0.018177110535530602
10,elevator,0.0159237291224812
7,cellar,0.011870236623313124
1,after_reconstruction,0.011678902308279854
44,type_2+kk,0.011673144807102662
3,balcony,0.010731942318340286
42,type_1+kk,0.01065607852521188
19,natural_attraction,0.010600687800694345
23,parking_lots,0.010165421017694744
24,partly_furnished,0.009680832127541832
4,brick,0.009166268480003301
46,type_3+kk,0.008207331447361311
22,panel,0.008186413010513597
36,terrace,0.008168350211297297
12,garage,0.00783044548955301
21,not_furnished,0.007211674014712044
43,type_2+1,0.007176461786173742
15,loggia,0.006294104071313407
427,loc_mlada,0.00500999127993423
45,type_3+1,0.004586869141228962
41,type_1+1,0.00453875013880722
37,theater,0.0035451048132847727
39,tram,0.0034873783879376175
16,medic,0.0034822099329078374
206,loc_havirov,0.0030291481643680137
497,loc_pardubice,0.0028825879819850955
237,loc_hradec,0.0027231060135622168
52,type_pokoj,0.0026493676324864665
18,movies,0.0025877261532750557
489,loc_ostrava,0.0022036798630290415
48,type_4+kk,0.002198352395221669
784,loc_zlin,0.0021853921064341384
368,loc_liberec,0.00218221863815206
30,shop,0.002094775210371265
697,loc_usti,0.001971573346175884
135,loc_ceske,0.0018281698647891781
476,loc_olomouc,0.0018274507874451095
298,loc_kladno,0.0016993039222958156
291,loc_karlovy,0.0016440169098893814
6,candy_shop,0.0015061817101672886
47,type_4+1,0.0013293493693805642
513,loc_plzen,0.0012475653101517916
747,loc_vsetin,0.001239177776440854
40,vet,0.00119654472821884
564,loc_ricany,0.0010719067000563918
168,loc_decin,0.0010398408728816524
273,loc_jihlava,0.0010304896023542605
463,loc_novy,0.001005374830980313
714,loc_velke,0.0009684946047253874
661,loc_teplice,0.0009236650095575386
671,loc_trebic,0.0009161643145234373
518,loc_podebrady,0.0009063409309424486
77,loc_blansko,0.000894992795131748
134,loc_ceska,0.0008838756469878789
63,loc_bedrichov,0.000843451193625729
70,loc_beroun,0.0007950995522896254
308,loc_kolin,0.0007910482030616356
38,train,0.0007879633114804047
51,type_atypick√©,0.0007708980655205871
656,loc_tabor,0.0007606443743872427
445,loc_nachod,0.0007176413763689956
196,loc_frydek,0.0007174124779145123
2,atm,0.00069629537471334
481,loc_opava,0.0006927692864909168
509,loc_pisek,0.0006908107427562017
613,loc_spindleruv,0.0006301636637033549
173,loc_dobrichovice,0.000627790817386217
144,loc_chomutov,0.0006215035091061154
99,loc_brandys,0.0006138050971842832
284,loc_kadan,0.0006000849656571251
385,loc_litomerice,0.0005834471132638359
359,loc_lednice,0.0005813604418100034
9,drugstore,0.0005761275962087645
687,loc_uherske,0.0005495848067728026
13,in_construction,0.0005421467322133559
180,loc_dolni,0.0005236972037831842
493,loc_otrokovice,0.0005236438666637227
105,loc_breclav,0.0005090404145675901
69,loc_benesov,0.0004921855545474126
204,loc_harrachov,0.0004648075801412553
442,loc_most,0.000462335885858458
465,loc_nupaky,0.00046135187258246113
254,loc_ivan,0.00045290928484109357
328,loc_kralupy,0.0004523000651409175
412,loc_marianske,0.0004428808368328694
434,loc_modrice,0.00044167763846635137
666,loc_tisnov,0.00043321551170847017
227,loc_horomerice,0.0004308437159457877
136,loc_cesky,0.0004284980631179741
786,loc_znojmo,0.0004253100174616299
217,loc_hodonin,0.00040605495093831815
127,loc_celadna,0.0004056258240181828
346,loc_kurim,0.00039540516619412377
587,loc_sadska,0.0003871769384790153
398,loc_lovosice,0.00037763142051250656
546,loc_prostejov,0.00037234894113075427
555,loc_rakovnik,0.000361340689687078
651,loc_svitavy,0.0003575303258341162
29,school,0.0003543355144788336
762,loc_zatec,0.0003526337662332699
138,loc_cheb,0.0003525898880834713
537,loc_prerov,0.0003492669307579136
406,loc_lutonina,0.0003462337296985315
748,loc_vyskov,0.0003461234276197924
423,loc_milovice,0.00034598445976367947
128,loc_celakovice,0.0003457560025466424
431,loc_mnichovo,0.0003405344483073395
317,loc_kosmonosy,0.0003392199034377177
484,loc_orlova,0.0003354833517621085
75,loc_bilovice,0.0003314502948029279
338,loc_kromeriz,0.00032840171384589963
153,loc_chrudim,0.0003263051999972367
272,loc_jicin,0.0003142921772172105
717,loc_veseli,0.0003140966926851107
679,loc_trutnov,0.0003139519553665318
169,loc_dnesice,0.0003127317547068184
348,loc_kyjov,0.0003106772805514305
257,loc_jablonec,0.00030781948135523245
645,loc_sumperk,0.00030328372571814004
408,loc_lysa,0.000300088544328427
381,loc_lipno,0.00029434960281179485
388,loc_litvinov,0.0002729349071266077
293,loc_karvina,0.0002656739562194616
461,loc_nove,0.00026267112663159797
240,loc_hranice,0.00025857706262123964
278,loc_jindrichuv,0.00025848745956665503
397,loc_louny,0.00025683420489156216
337,loc_krnov,0.000254033499237077
207,loc_havlickuv,0.00025217122062979426
301,loc_klasterec,0.0002483358619067941
682,loc_turnov,0.0002461112203208724
757,loc_zakupy,0.0002456617385251468
608,loc_sobeslav,0.0002395046139000092
678,loc_troubsko,0.00023040108715749184
270,loc_jesenik,0.00022861499089557943
414,loc_melnik,0.0002143454373007493
575,loc_roznov,0.00021397606421331915
49,type_5+1,0.0002139724790607576
115,loc_bruntal,0.00021167514380085448
73,loc_bilina,0.00020738432875956554
269,loc_jesenice,0.00020669239210474824
125,loc_caslav,0.0002036622072680389
749,loc_vysoke,0.000199847723134829
362,loc_lety,0.0001989659211939713
542,loc_pribram,0.00019819409365767784
157,loc_chyne,0.00019508506149995935
520,loc_pohorelice,0.00019462697181386334
58,loc_bakov,0.000194599966078175
50,type_5+kk,0.0001926621030491586
692,loc_unhost,0.00019265786774430235
347,loc_kutna,0.00018192966539684933
688,loc_uhersky,0.0001817300740837463
447,loc_napajedla,0.00018063423135673896
631,loc_strakonice,0.00017483031307370772
610,loc_sokolov,0.0001734210578321588
511,loc_plasy,0.00017301000318050564
769,loc_zdar,0.00017280607753850934
727,loc_vlasim,0.00017083881537791336
33,sports,0.0001707951072804083
460,loc_nova,0.00016974604853441547
277,loc_jince,0.00016972856386652317
96,loc_bozi,0.00016677280880744597
685,loc_tynec,0.00016665162366708784
562,loc_revnice,0.00016268711903940006
466,loc_nymburk,0.00016247757868406758
252,loc_hustopece,0.00016155905314502048
428,loc_mlade,0.00015779164777637739
604,loc_slavkov,0.0001556557715747407
433,loc_mochov,0.00015175835443008383
517,loc_podborany,0.00015051578225370177
567,loc_rohatec,0.00014901537943494463
218,loc_holasice,0.000148691996138886
470,loc_odolena,0.00014824387690562176
473,loc_okrouhlice,0.000147420831162622
303,loc_klecany,0.0001414758465407524
702,loc_valtice,0.00014115135009206128
233,loc_hostivice,0.00013736511571862917
179,loc_dolany,0.00013591031211580474
701,loc_valasske,0.0001351658006679702
250,loc_humpolec,0.0001336243305033318
327,loc_kralovice,0.00013307698894689902
236,loc_hovorcovice,0.00013209043329988744
302,loc_klatovy,0.00013132761077242893
449,loc_nejdek,0.00013039177695062072
577,loc_rudna,0.0001285089230030955
268,loc_jenec,0.0001279118082157682
117,loc_bucovice,0.00012774145553917272
275,loc_jilove,0.00012760954563659005
401,loc_luhacovice,0.00012709766843930665
329,loc_kraluv,0.00012692683011050407
598,loc_slany,0.00012690189091380715
458,loc_nizbor,0.0001267544944947519
239,loc_hradistko,0.0001252905291397256
249,loc_hulin,0.00012483336432877922
676,loc_trinec,0.00012174808732787957
437,loc_moravany,0.00012173001533581635
594,loc_sezemice,0.00012008591782754084
178,loc_doksy,0.00011922824565922154
35,tavern,0.00011907753649079043
194,loc_frantiskovy,0.00011849928634606098
626,loc_sternberk,0.00011781016534203863
62,loc_bechyne,0.00011699016391888392
745,loc_vsenory,0.00011631254144826381
569,loc_rokytnice,0.00011550758133267317
386,loc_litomysl,0.0001143885487065936
746,loc_vseruby,0.00011427066805465671
200,loc_habartov,0.00011267274922740799
453,loc_neratovice,0.0001120777746485446
582,loc_rychnov,0.00011064797189867317
376,loc_libusin,0.00011047102921066239
619,loc_stare,0.00010765766954450627
281,loc_jirkov,0.0001063479753365394
245,loc_hronov,0.00010494931343398665
419,loc_mikulov,0.00010273529509712135
90,loc_boranovice,9.9239287594242e-05
280,loc_jirice,9.870120536496916e-05
713,loc_velka,9.801259227516688e-05
659,loc_tehovec,9.777879147545202e-05
241,loc_hrdlorezy,9.689036360884762e-05
576,loc_roztoky,9.606990230008475e-05
89,loc_bor,9.51232149700198e-05
255,loc_ivancice,9.45598585525163e-05
438,loc_moravska,9.455353592928665e-05
432,loc_mnisek,9.37469690961852e-05
595,loc_sezimovo,9.304688454021835e-05
195,loc_frenstat,9.263297402288709e-05
591,loc_semily,9.261331152820314e-05
225,loc_horka,9.144892136281919e-05
215,loc_hlucin,9.143760892021907e-05
572,loc_roudnice,9.129422423352198e-05
220,loc_holice,9.123985479002111e-05
56,loc_as,9.070642516502628e-05
184,loc_drinov,9.0350646835882e-05
211,loc_hlinsko,8.912054764498058e-05
761,loc_zastavka,8.759502740164416e-05
691,loc_ujezdecek,8.689951226984525e-05
758,loc_zamberk,8.59320596687707e-05
751,loc_vyzlovka,8.505788674389272e-05
683,loc_tursko,8.314309272115684e-05
316,loc_korycany,8.20774274895053e-05
242,loc_hrisice,8.142214418520816e-05
649,loc_svetla,8.129014040345316e-05
222,loc_holysov,7.933412845458796e-05
299,loc_kladruby,7.876212427344742e-05
209,loc_hermanuv,7.851000752116539e-05
146,loc_chotebor,7.519327910636741e-05
704,loc_varnsdorf,7.448616570299915e-05
439,loc_moravske,7.442053276842639e-05
502,loc_pecky,7.305681278632076e-05
95,loc_boskovice,7.170096462155196e-05
326,loc_kralova,7.1538523309092e-05
646,loc_susice,7.100420778832085e-05
672,loc_trebon,6.94343533262195e-05
435,loc_mohelnice,6.870588937702735e-05
143,loc_chodov,6.825099360479102e-05
637,loc_strelice,6.708721912325782e-05
214,loc_hluboka,6.68627136184141e-05
752,loc_zabreh,6.63452381811652e-05
538,loc_prestice,6.59964546739634e-05
510,loc_plana,6.597667706673435e-05
570,loc_rosice,6.461767497514789e-05
349,loc_kynsperk,6.427957440228458e-05
314,loc_koprivnice,6.195879935459619e-05
94,loc_borsov,6.119873937560313e-05
641,loc_stvolinky,6.105120005148784e-05
67,loc_benatky,6.082388869425191e-05
467,loc_nyrany,5.986570328121133e-05
395,loc_loucovice,5.954557786774139e-05
482,loc_opocno,5.9439846383854636e-05
167,loc_dasice,5.86914286921201e-05
267,loc_jemnice,5.842110599808352e-05
565,loc_ritka,5.6885246408620655e-05
415,loc_menin,5.646040482367558e-05
404,loc_lustenice,5.641051173948839e-05
396,loc_lounovice,5.5823624446147464e-05
189,loc_duchcov,5.5643950001860194e-05
754,loc_zacler,5.5021598885079576e-05
148,loc_chotevice,5.396687098399845e-05
778,loc_zidlochovice,5.3943038840089526e-05
121,loc_bystrice,5.290295703523951e-05
224,loc_horicky,5.2312251463945996e-05
573,loc_rousinov,5.225909726575009e-05
234,loc_hostomice,5.202056252013181e-05
114,loc_brumovice,5.1821373481225436e-05
448,loc_nehvizdy,5.136676667908087e-05
191,loc_dvur,5.1265375130741924e-05
133,loc_cerveny,5.0866239007402266e-05
627,loc_steti,5.085197983290933e-05
174,loc_dobris,5.084958934658672e-05
54,loc_adamov,5.082681128014507e-05
777,loc_zelezna,5.076705924169236e-05
416,loc_mesto,5.0467996866190137e-05
664,loc_terlicko,4.9802548755882886e-05
443,loc_mukarov,4.939572277515803e-05
197,loc_frydlant,4.9215093637012e-05
279,loc_jinocany,4.91630167453992e-05
657,loc_tachov,4.8795321860228895e-05
364,loc_lhota,4.860251414248984e-05
221,loc_holubice,4.8417540752802204e-05
315,loc_korenov,4.7603794906961325e-05
472,loc_ohrazenice,4.701933202243257e-05
182,loc_domazlice,4.698958889521678e-05
648,loc_sveti,4.638407075068857e-05
452,loc_nepomuk,4.539760925155547e-05
630,loc_stonava,4.523593280089705e-05
621,loc_stary,4.467454343806438e-05
705,loc_vcelna,4.430167608637514e-05
356,loc_lazne,4.3789044881654766e-05
446,loc_namest,4.3773929344557936e-05
718,loc_vetrni,4.3570894102041236e-05
732,loc_vracov,4.350067434995051e-05
773,loc_zebrak,4.3451878273160295e-05
231,loc_hosteradice,4.308191277075767e-05
663,loc_terezin,4.197059348837932e-05
526,loc_porici,4.191544564629833e-05
501,loc_pec,4.1647687861096305e-05
693,loc_unicov,4.1502182550942275e-05
27,post_office,4.147977233660285e-05
118,loc_budisov,4.135164188405679e-05
597,loc_skutec,4.075864487018094e-05
83,loc_bohumin,4.0678446577614175e-05
229,loc_horsovsky,4.0348783946262426e-05
417,loc_mezibori,4.03454259240954e-05
141,loc_chocen,4.022922466458492e-05
488,loc_ostopovice,4.0227284989114975e-05
658,loc_tanvald,3.984466183548229e-05
499,loc_paskov,3.911394846039241e-05
469,loc_obruby,3.8743146848959674e-05
545,loc_prosec,3.8502912415899574e-05
110,loc_brod,3.81382249373103e-05
370,loc_libeznice,3.811908950492182e-05
634,loc_straznice,3.800869918161874e-05
55,loc_albrechtice,3.7826272299299794e-05
710,loc_veletiny,3.7754088822537986e-05
491,loc_ostrov,3.749555993563262e-05
536,loc_prelouc,3.747567389583787e-05
668,loc_tlumacov,3.7390935765833615e-05
113,loc_brozany,3.702902912233256e-05
103,loc_braskov,3.647598585937525e-05
228,loc_horovice,3.642619568704081e-05
424,loc_mimon,3.636032689056401e-05
770,loc_zdiby,3.6326421002846636e-05
378,loc_line,3.58857326110722e-05
111,loc_brodek,3.53419796238709e-05
528,loc_potehy,3.524949559440525e-05
358,loc_ledec,3.505751333119495e-05
311,loc_komarov,3.4880872574613663e-05
548,loc_pysely,3.475739552966033e-05
674,loc_trest,3.468905009791336e-05
667,loc_tlucna,3.4045388370113125e-05
763,loc_zavisice,3.397920519074452e-05
712,loc_velim,3.3597558730888965e-05
151,loc_chrastava,3.331833970627057e-05
87,loc_bohutin,3.330574632073882e-05
108,loc_brnirov,3.2843429470702454e-05
187,loc_dubi,3.277602819200419e-05
669,loc_touzim,3.244789325382102e-05
522,loc_policka,3.2159224727913966e-05
703,loc_vamberk,3.2048340402555734e-05
480,loc_opatovice,3.193916660397294e-05
636,loc_stredokluky,3.174070723974939e-05
505,loc_perstejn,3.135984110229959e-05
609,loc_sokolnice,3.11987718562313e-05
521,loc_polepy,3.1138749729221094e-05
504,loc_pencin,3.055005012035722e-05
107,loc_bridlicna,2.9960430793490993e-05
774,loc_zelechovice,2.9853314940567376e-05
736,loc_vratimov,2.9561729992878734e-05
53,loc_abertamy,2.9321662133313794e-05
394,loc_loucna,2.9314592341399303e-05
589,loc_sedlcany,2.9165287527395166e-05
140,loc_chlumec,2.9156594771902045e-05
392,loc_lomnice,2.910325361432073e-05
78,loc_blatna,2.902746262802124e-05
159,loc_cicovice,2.8839716584168196e-05
530,loc_prachatice,2.8688176635832006e-05
170,loc_dobrany,2.8537462421183042e-05
389,loc_lochovice,2.842703027984256e-05
686,loc_tyniste,2.8377309000404914e-05
287,loc_kamenicky,2.8244121125940305e-05
131,loc_cernosice,2.815138834417956e-05
429,loc_mlekojedy,2.7509794555963115e-05
719,loc_veverska,2.7341557258620106e-05
216,loc_hluk,2.7263881766750466e-05
581,loc_rybitvi,2.724523436973201e-05
571,loc_rotava,2.720209129604151e-05
492,loc_otovice,2.7113089211157195e-05
422,loc_milotice,2.6942099930537485e-05
150,loc_chrastany,2.6926033290053012e-05
725,loc_vitkov,2.6851323844226806e-05
318,loc_kostany,2.6761499445804264e-05
198,loc_frymburk,2.6569438506735493e-05
715,loc_velky,2.639587167745631e-05
462,loc_novosedlice,2.6335175579491722e-05
154,loc_chvaletice,2.6257080420626616e-05
643,loc_suchy,2.603374549078286e-05
88,loc_bolatice,2.5801945744973443e-05
212,loc_hlizov,2.4791603452402896e-05
64,loc_bela,2.4691833722859283e-05
607,loc_smrzovka,2.455968937969605e-05
319,loc_kostelec,2.452259865948798e-05
525,loc_popuvky,2.4330789934928497e-05
201,loc_haj,2.404781073369223e-05
670,loc_trebechovice,2.372125401837499e-05
156,loc_chynava,2.3687865567495732e-05
625,loc_stepanovice,2.345789596755563e-05
418,loc_mikulasovice,2.324194049372498e-05
98,loc_bradlec,2.3202637328755643e-05
292,loc_karlstejn,2.3180673799906825e-05
775,loc_zelenec,2.2996517989780736e-05
342,loc_kunice,2.27111196811497e-05
14,kindergarten,2.268611600497545e-05
219,loc_holesov,2.2268043059515024e-05
459,loc_nosovice,2.209943743138152e-05
694,loc_upice,2.203389454561794e-05
557,loc_rancirov,2.1755848171861325e-05
420,loc_milevsko,2.154236776660247e-05
330,loc_kraslice,2.1394474740756156e-05
226,loc_horni,2.1313658011616746e-05
639,loc_stribro,2.125881362047447e-05
309,loc_kolomuty,2.0646378953677257e-05
132,loc_cernotin,2.0492566089740435e-05
290,loc_karez,2.0482739811003062e-05
500,loc_pchery,2.0470689960181174e-05
248,loc_hrusovany,2.0314305755035e-05
590,loc_sehradice,2.0296262697382507e-05
503,loc_pelhrimov,1.9929800383615066e-05
566,loc_rochov,1.991503137644352e-05
79,loc_blatno,1.983641409915755e-05
681,loc_tuchomerice,1.974397835807559e-05
304,loc_klicany,1.955540469410826e-05
596,loc_skalice,1.9547552953963004e-05
654,loc_svor,1.944800231858303e-05
193,loc_felbabka,1.9200532816998512e-05
351,loc_lanskroun,1.9197555091562504e-05
32,small_shop,1.8350532642921504e-05
380,loc_lipnik,1.8259480945550352e-05
426,loc_mistrice,1.8192939683427856e-05
188,loc_dubnany,1.7962398352024962e-05
633,loc_straz,1.7925034748306197e-05
729,loc_vodnany,1.773994176033847e-05
166,loc_dalovice,1.742974908723025e-05
479,loc_oparany,1.740837962656064e-05
361,loc_letovice,1.709517608459536e-05
739,loc_vrchlabi,1.695705079909071e-05
760,loc_zasmuky,1.6707631478479012e-05
593,loc_sestajovice,1.6545736326829375e-05
444,loc_myto,1.6517549952840525e-05
726,loc_vizovice,1.6179024873190955e-05
585,loc_sadov,1.6069493641058858e-05
324,loc_kozusany,1.5952270196636762e-05
468,loc_nyrsko,1.5886015403523055e-05
369,loc_liberk,1.5819406698203718e-05
163,loc_cvikov,1.5646548144641706e-05
771,loc_zdice,1.551084591818569e-05
391,loc_lom,1.5479039199497247e-05
213,loc_hlubocky,1.5103895409978457e-05
312,loc_konice,1.4897366937069046e-05
28,restaurant,1.4889737550160281e-05
451,loc_neplachovice,1.4801068314440582e-05
628,loc_stezery,1.46651983631862e-05
539,loc_prezletice,1.4548765480506217e-05
137,loc_chabarovice,1.453090863747249e-05
155,loc_chvalkovice,1.4491933728179291e-05
553,loc_rajecko,1.4468902696338549e-05
554,loc_rajhrad,1.4275613910578038e-05
202,loc_hamr,1.4208934967286372e-05
684,loc_tyn,1.4156322871833283e-05
366,loc_libcice,1.4120042762927966e-05
766,loc_zbuch,1.4116986359518092e-05
735,loc_vranovice,1.4053499004080816e-05
785,loc_zlutava,1.402226305026271e-05
295,loc_kasperske,1.3979315166988215e-05
599,loc_slapanice,1.3858513644726375e-05
516,loc_pocenice,1.3857903991907684e-05
393,loc_lostice,1.384669447285328e-05
624,loc_stepanov,1.3780491571027146e-05
496,loc_pacov,1.3688835395742418e-05
223,loc_horazdovice,1.3630406736704196e-05
756,loc_zakolany,1.3613120212090387e-05
297,loc_ketkovice,1.3602795091280022e-05
307,loc_kojetin,1.3588881430268001e-05
743,loc_vsemina,1.3522650376494749e-05
742,loc_vresina,1.3275445060564568e-05
755,loc_zajeci,1.3115869428102848e-05
622,loc_statenice,1.300952142142564e-05
407,loc_luze,1.2802822307892613e-05
660,loc_telc,1.2697409638901142e-05
296,loc_kaznejov,1.247640472949679e-05
102,loc_branov,1.2476296049283394e-05
486,loc_osek,1.2304635272314643e-05
485,loc_osecek,1.2020981208654524e-05
606,loc_smirice,1.2009615747641785e-05
139,loc_chlumcany,1.1997040765400152e-05
387,loc_litovel,1.1929154278205866e-05
644,loc_sudomerice,1.1904929516843556e-05
632,loc_strasice,1.1888776092540015e-05
750,loc_vysoky,1.1885766820151904e-05
647,loc_svarov,1.1882725903294418e-05
367,loc_libechov,1.1861292283222184e-05
471,loc_odry,1.185260127571008e-05
698,loc_uvaly,1.1469421252254692e-05
246,loc_hroznetin,1.1259393139974609e-05
730,loc_volary,1.1103411044881107e-05
734,loc_vranov,1.1025714421577041e-05
483,loc_opolany,1.0898058316680186e-05
789,loc_zulova,1.0864581744383073e-05
176,loc_dobruska,1.0854611485572238e-05
716,loc_vemyslice,1.0834082507151373e-05
352,loc_lany,1.0781786754706992e-05
152,loc_chropyne,1.0629830678909426e-05
588,loc_sanov,1.048655141230392e-05
652,loc_svoboda,1.030534278209491e-05
266,loc_jedovnice,1.016483681597742e-05
305,loc_klimkovice,9.870852345849816e-06
723,loc_vimperk,9.850434048427331e-06
655,loc_syrovice,9.811588301758842e-06
568,loc_rokycany,9.810495888681513e-06
708,loc_velen,9.770359389384077e-06
592,loc_senov,9.731502126361556e-06
208,loc_hermanova,9.705776010432892e-06
123,loc_bzenec,9.677164735032536e-06
203,loc_hanusovice,9.669268221415895e-06
260,loc_jachymov,9.541019607852072e-06
535,loc_predmerice,9.524040869590416e-06
405,loc_lutin,9.497888374085694e-06
130,loc_cerna,9.3800785472012e-06
689,loc_uhlirske,9.35712620116864e-06
335,loc_kremze,9.328416900965984e-06
106,loc_brezina,9.275441828233622e-06
709,loc_velesovice,9.183908808004141e-06
256,loc_ivanovice,9.129586872630334e-06
271,loc_jevicko,9.044818484700509e-06
243,loc_hrivinuv,9.007158078001388e-06
544,loc_probostov,8.948265054726927e-06
425,loc_mirotice,8.928178999864362e-06
5,bus_public_transport,8.842859103266951e-06
665,loc_tesetice,8.781767995324599e-06
612,loc_solnice,8.737833404229088e-06
60,loc_baska,8.731606783774825e-06
81,loc_blovice,8.505121956329246e-06
238,loc_hradek,8.384275444325824e-06
563,loc_revnicov,8.200858710505827e-06
383,loc_lisnice,8.176134982706947e-06
74,loc_bilovec,8.132535247990533e-06
85,loc_bohuslavice,8.108176822982167e-06
498,loc_paseka,7.948246180985623e-06
490,loc_ostravice,7.612735586225472e-06
561,loc_rebesovice,7.568027440380402e-06
262,loc_janov,7.45315521808517e-06
711,loc_velhartice,7.44686178387402e-06
737,loc_vrato,7.3462308325031334e-06
680,loc_tuchlovice,7.3401460544375e-06
265,loc_jaromer,7.319159394359542e-06
457,loc_nivnice,7.271714071554715e-06
375,loc_libotenice,7.231260725216636e-06
343,loc_kunin,7.1117388123427474e-06
508,loc_pilnikov,7.005929247498257e-06
411,loc_marenice,6.994687020640542e-06
175,loc_dobrovice,6.895938041205947e-06
253,loc_hyskov,6.848814960989641e-06
413,loc_markvartovice,6.842062561129874e-06
263,loc_janovice,6.790432046418713e-06
787,loc_zruc,6.689601145892328e-06
264,loc_jarohnevice,6.531799649276395e-06
350,loc_lanov,6.527669728671278e-06
753,loc_zachlumi,6.429957307404463e-06
205,loc_hartmanice,6.362097694147605e-06
323,loc_kozmice,6.351638221768594e-06
382,loc_lipova,6.3039690845558325e-06
635,loc_strazny,6.256526428333713e-06
274,loc_jilemnice,6.213676023423109e-06
514,loc_pnovice,6.193746482456568e-06
339,loc_krtiny,5.992116118035994e-06
527,loc_postoloprty,5.942953328137787e-06
541,loc_pribor,5.898612634049279e-06
76,loc_bitozeves,5.8979058735522396e-06
629,loc_stochov,5.880512852243531e-06
325,loc_kraliky,5.8747631392300654e-06
616,loc_stahlavy,5.848606054027162e-06
332,loc_kravare,5.537027090088864e-06
584,loc_rymice,5.53653888510933e-06
436,loc_mokra,5.5342056684545654e-06
71,loc_bezno,5.512052547249511e-06
547,loc_psary,5.416972498018581e-06
699,loc_vacenovice,5.322427519041078e-06
93,loc_borsice,5.293599746770719e-06
354,loc_lavicky,5.261603797955384e-06
84,loc_bohunovice,5.253161998550264e-06
475,loc_olbramovice,5.194772690000181e-06
104,loc_brasy,5.098456092425825e-06
728,loc_vochov,5.093078015538144e-06
294,loc_kasejovice,4.952981732379753e-06
59,loc_banov,4.938483397811837e-06
602,loc_slavetin,4.896476471611137e-06
487,loc_oslavany,4.890203206003454e-06
390,loc_loket,4.889747652153966e-06
161,loc_cizkovice,4.755820152756501e-06
86,loc_bohusovice,4.714726919442321e-06
126,loc_cebiv,4.714031684137063e-06
478,loc_ondrejov,4.5982546821193506e-06
162,loc_cizkrajov,4.5668491383352245e-06
574,loc_rovna,4.498889442636263e-06
731,loc_volyne,4.420827134528274e-06
259,loc_jablunkov,4.410188166864706e-06
101,loc_branky,4.3469899276692505e-06
276,loc_jiloviste,4.315383437470697e-06
767,loc_zbysov,4.257503060525267e-06
247,loc_hroznova,4.252869736819129e-06
120,loc_budyne,4.219449427958813e-06
340,loc_krupka,4.004989529315138e-06
185,loc_drozdov,3.995786042361406e-06
540,loc_pribice,3.957108811768698e-06
116,loc_brusperk,3.941679022244398e-06
474,loc_okrouhlo,3.856945801692192e-06
440,loc_moravsky,3.836210403970206e-06
759,loc_zasada,3.814726615761689e-06
230,loc_hostenice,3.769646293450066e-06
300,loc_klaster,3.7060532609456787e-06
533,loc_praslavice,3.6718039733444816e-06
310,loc_kolovec,3.658541493960707e-06
744,loc_vsemyslice,3.6025613821842143e-06
190,loc_dvorce,3.5835090422604885e-06
353,loc_lanzhot,3.577997461924997e-06
288,loc_kamenna,3.566964869212399e-06
455,loc_neveklov,3.5097845897533042e-06
68,loc_benecko,3.5003668942109285e-06
92,loc_borovany,3.42793535059554e-06
722,loc_vigantice,3.342241929112451e-06
258,loc_jablonne,3.2766667654571872e-06
363,loc_lhenice,3.247045394515832e-06
706,loc_vejprty,3.2405840381616e-06
623,loc_stepankovice,3.2171179527351585e-06
172,loc_dobrichov,3.1926425388472376e-06
675,loc_trhanov,3.1489091119712124e-06
653,loc_svobodne,3.1342817868136497e-06
559,loc_raspenava,3.1253929838638133e-06
707,loc_velehrad,3.101402268206353e-06
164,loc_dacice,3.0825008641879493e-06
620,loc_starec,2.974186643785236e-06
199,loc_frystak,2.942041696765036e-06
618,loc_stara,2.9376693491770247e-06
690,loc_uhonice,2.875201591217453e-06
374,loc_libodrice,2.8717368378148682e-06
26,playground,2.8635538226569774e-06
286,loc_kamenice,2.8148221579934294e-06
372,loc_libisany,2.7982555963896197e-06
158,loc_chysky,2.790553509258385e-06
603,loc_slavicin,2.767110189465842e-06
232,loc_hostinne,2.742190039523257e-06
506,loc_petrov,2.714470706717605e-06
531,loc_prachovice,2.7009161790882534e-06
640,loc_studeny,2.6661576361980774e-06
617,loc_stankovice,2.6182757495635505e-06
543,loc_primda,2.604034467688129e-06
313,loc_konstantinovy,2.601790587743697e-06
515,loc_pobezovice,2.600235846363011e-06
600,loc_slapanov,2.5814916909330147e-06
558,loc_rapotin,2.561359681999224e-06
519,loc_podivin,2.5468347243490132e-06
642,loc_suchdol,2.49787559800887e-06
129,loc_cerhenice,2.4942736424627145e-06
790,loc_zverotice,2.4682328528897845e-06
740,loc_vrchoslavice,2.443890028579745e-06
183,loc_drasov,2.399263477630016e-06
741,loc_vrdy,2.3725748149600647e-06
556,loc_rakvice,2.3656922720445323e-06
403,loc_lukov,2.3456763568706216e-06
780,loc_zirovnice,2.3148616498282777e-06
477,loc_olovi,2.290575019649217e-06
100,loc_brandysek,2.2863686289744254e-06
244,loc_hrochuv,2.2691641509509973e-06
409,loc_mala,2.254740326999253e-06
373,loc_libochovice,2.248395386836549e-06
344,loc_kunovice,2.2080200193818625e-06
322,loc_kozlany,2.1872599895458956e-06
289,loc_kamenny,2.1702768942758854e-06
696,loc_ustek,2.156272980331435e-06
377,loc_lichnov,2.119008734278893e-06
788,loc_zubri,2.1047190050547507e-06
551,loc_radosovice,2.0972758847346846e-06
251,loc_husinec,2.045817514519848e-06
583,loc_rychvald,2.0216444995657778e-06
57,loc_babice,2.0005917855387986e-06
782,loc_zleby,1.9922094840809707e-06
341,loc_krusovice,1.979033874139914e-06
456,loc_nezvestice,1.953264401308002e-06
580,loc_rumburk,1.9067204381854034e-06
550,loc_radnice,1.8854511851589144e-06
379,loc_lipa,1.8671345937989525e-06
677,loc_troubky,1.8211829779127485e-06
523,loc_polna,1.8178238493881437e-06
611,loc_solenice,1.7969293659085644e-06
160,loc_cimelice,1.7787038496000573e-06
605,loc_slusovice,1.6863859752336364e-06
441,loc_mosnov,1.6734756348202526e-06
524,loc_ponetovice,1.5922054177453217e-06
695,loc_urcice,1.5888621832511506e-06
764,loc_zborovice,1.5874758661228553e-06
371,loc_libis,1.564472741687554e-06
768,loc_zdanice,1.5551542417148936e-06
410,loc_manetin,1.5505027018118514e-06
283,loc_jistebnik,1.5498900439972256e-06
210,loc_hladke,1.5456951389929041e-06
336,loc_krivoklat,1.5443350324261632e-06
355,loc_lazany,1.5440334392238956e-06
578,loc_rudnik,1.5413878061143175e-06
149,loc_chotyne,1.5412511272285174e-06
733,loc_vrane,1.5111147044570018e-06
171,loc_dobrenice,1.4739275488199069e-06
82,loc_bochov,1.4473606130142207e-06
119,loc_budisovice,1.4188142821647987e-06
186,loc_duba,1.4012007738011642e-06
507,loc_petrovice,1.3860106064504797e-06
66,loc_belkovice,1.3522504443153745e-06
124,loc_cachovice,1.3504692629207717e-06
776,loc_zeletice,1.3503523498237292e-06
147,loc_chotesov,1.3437988325355268e-06
494,loc_otvovice,1.310774839020893e-06
421,loc_milicin,1.3010099533570281e-06
192,loc_dysina,1.2738673877631874e-06
549,loc_radimer,1.2482030992570413e-06
614,loc_srni,1.2325971072866925e-06
360,loc_letohrad,1.22803554108492e-06
321,loc_kostomlaty,1.227407312151503e-06
552,loc_radvanice,1.2115019298101075e-06
399,loc_lsteni,1.2097911122121565e-06
72,loc_bezverov,1.1460414693124587e-06
320,loc_kostice,1.130569897165836e-06
345,loc_kunstat,1.0978918966673446e-06
334,loc_krcman,1.0861059414001783e-06
638,loc_stremy,1.0834279820031219e-06
724,loc_vinarice,1.0693990082334218e-06
145,loc_choryne,1.0096895862126995e-06
450,loc_nemcicky,9.93356528960565e-07
650,loc_svihov,9.827856488740408e-07
579,loc_rudolfov,9.545225937397639e-07
662,loc_teresov,9.436359041811652e-07
80,loc_blazovice,9.368071787348856e-07
65,loc_belec,9.349397899620622e-07
384,loc_lisov,9.22276123318134e-07
357,loc_ledcice,9.081685537311997e-07
783,loc_zlechov,8.764328942846562e-07
282,loc_jistebnice,8.729366870675875e-07
720,loc_vezovata,8.700804557832711e-07
765,loc_zbraslavice,8.332084333528427e-07
738,loc_vrbno,8.323825995233207e-07
261,loc_jankov,8.312814117840733e-07
333,loc_krchleby,8.242245139756505e-07
534,loc_predboj,8.109755902779663e-07
400,loc_lubna,8.054317061917178e-07
181,loc_domasov,7.510515924774942e-07
235,loc_hostoun,7.405594958434474e-07
61,loc_bavorov,7.186408171653065e-07
721,loc_vidice,6.576467426804747e-07
673,loc_tremosna,6.527329742177781e-07
601,loc_slapy,6.527315546320319e-07
700,loc_vaclavovice,6.111986057118345e-07
331,loc_krasna,5.938395968137506e-07
512,loc_plumlov,5.72219929406107e-07
454,loc_neslovice,5.675206656133981e-07
306,loc_kobylnice,5.399516420280021e-07
177,loc_dobsice,5.326824923611243e-07
615,loc_srubec,5.110391313071982e-07
529,loc_potstat,5.082007723898269e-07
285,loc_kalek,4.2702977306080665e-07
112,loc_broumov,4.118451117071323e-07
464,loc_nucice,4.1011670102099876e-07
122,loc_bystrocice,3.2344223399792413e-07
586,loc_sadova,3.2032644056198795e-07
402,loc_luka,2.963316613204656e-07
97,loc_bozice,2.539409362064912e-07
365,loc_lhotka,2.2864670433125908e-07
165,loc_daleke,2.230521861738151e-07
560,loc_razova,2.0114924310278451e-07
779,loc_zihle,1.600614532381186e-07
495,loc_ovcary,1.5532088948711376e-07
430,loc_mnichovice,1.343559559636761e-07
142,loc_chocerady,1.0417247084885454e-07
91,loc_boretin,8.537268280608073e-08
772,loc_zdikov,3.852709044132248e-08
781,loc_zlate,3.375715638233224e-08
34,state,0.0
8,collective,0.0
25,personal,0.0
